{
  "service_info_option": {
    "precision": 0.9069767441860465,
    "recall": 1.0,
    "f1-score": 0.951219512195122,
    "support": 39,
    "confused_with": {}
  },
  "service": {
    "precision": 1.0,
    "recall": 0.9333333333333333,
    "f1-score": 0.9655172413793104,
    "support": 60,
    "confused_with": {
      "service_info_option": 2
    }
  },
  "micro avg": {
    "precision": 0.9595959595959596,
    "recall": 0.9595959595959596,
    "f1-score": 0.9595959595959596,
    "support": 99
  },
  "macro avg": {
    "precision": 0.9534883720930232,
    "recall": 0.9666666666666667,
    "f1-score": 0.9583683767872162,
    "support": 99
  },
  "weighted avg": {
    "precision": 0.9633544749823819,
    "recall": 0.9595959595959596,
    "f1-score": 0.9598848026097817,
    "support": 99
  },
  "accuracy": 0.9785714285714285
}